book,dawnrunner_relevance,demidius_relevance,divinity,influence,infrastructure,magical_supremacy,name,notes,other_character_relevance,pdf_page,prerequisites,probability,publisher,rating,summary,tags,type,verification_status
Advanced Options: Fight Like a Pirate,Medium,Low,0,0,2,0,Ex-Conscript,,Crew NPC,1,,0,Super Genius Games,C,Strong swimming and scaling charge benefits replace fast movement and defensive features.,nautical;archetype;boarding,Barbarian archetype,Verified
Advanced Options: Fight Like a Pirate,Very High,Low,0,5,5,0,Ship's Officer,Best officer chassis in the book.,Dawnrunner officer,2,,0,Super Genius Games,A,Inspire courage plus ship-wide pennant/banner support.,leadership;crew;banner;morale,Cavalier archetype,Verified
Advanced Options: Fight Like a Pirate,High,Low,0,1,4,0,Marine,,Royal Marine,2,,0,Super Genius Games,B+,"Maritime skills, shipboard terrain mobility, pirate weapon training, and late overboard bull rush.",marine;fighter;shipboard,Fighter archetype,Verified
Advanced Options: Fight Like a Pirate,Medium,Low,0,0,3,0,Sea Dog,,Gun crew NPC,3,,0,Super Genius Games,B,Uses rigging for temporary flight and firearm attacks to manipulate ship rigging.,gunslinger;rigging;mobility,Gunslinger archetype,Verified
Advanced Options: Fight Like a Pirate,High,Low,0,0,4,1,Ship Hunter,,Anti-ship specialist,4,,0,Super Genius Games,B+,Focuses an enemy vessel for scaling attack/damage and can scuttle ships at 20th.,inquisitor;anti-ship,Inquisitor archetype,Verified
Advanced Options: Fight Like a Pirate,Medium,Low,0,1,1,1,Picaroon,,Stylish NPC,4,,0,Super Genius Games,C+,Unarmored swashbuckling magus with canny defense and rogue talents at substantial class-feature cost.,magus;rogue;swashbuckler,Magus archetype,Verified
Advanced Options: Fight Like a Pirate,High,Medium,1,3,4,1,Seaswain,Not recommended as a Demidius multiclass.,Cohort/follower chassis,5,,0,Super Genius Games,A-,"Charisma-based nautical monk with weapon flurry, surface-running, execution strike, and elemental transformation.",monk;charisma;nautical;elemental,Monk archetype,Verified
Advanced Options: Fight Like a Pirate,Very High,Low,1,5,5,1,Crown Privateer,,Marine commander,6,,0,Super Genius Games,A,Expands paladin auras and sacred defenses to all allies aboard the same ship.,paladin;aura;crew,Paladin archetype,Verified
Advanced Options: Fight Like a Pirate,S,Low,0,3,5,0,Navigator,Highest-value organizational find.,Ideal specialist follower,7,,2,Super Genius Games,S,"Cuts voyage time or encounter risk, improves crew initiative/awareness, and grants ship-related rerolls.",ranger;navigation;reroll;logistics,Ranger archetype,Verified
Advanced Options: Fight Like a Pirate,High,Low,0,2,4,2,Lookout,,Excellent lookout,8,,1,Super Genius Games,A-,Improves long-range Perception and exposes illusions with extra saves and ally support.,rogue;perception;illusion,Rogue archetype,Verified
Advanced Options: Fight Like a Pirate,Low,Low,0,0,1,0,Basket Hilt,,Crew equipment,8,,0,Super Genius Games,C,Improves CMD against disarm/sunder and gives +1 shield AC on total defense.,equipment;weapon,Weapon modification,Verified
Advanced Options: Fight Like a Pirate,Low,None,0,0,1,0,Belaying Pin,,Crew flavor,8,,0,Super Genius Games,D,Common shipboard simple club and backup weapon.,equipment;weapon,Weapon,Verified
Advanced Options: Fight Like a Pirate,Medium,Low,0,1,2,0,Cutlass,,Naval sidearm,8,,0,Super Genius Games,B-,"One-handed 18–20/x2 slashing weapon with utility against rope, cloth, leather, and wood.",equipment;weapon,Weapon,Verified
Advanced Options: Fight Like a Pirate,Medium,None,0,0,3,0,Mariner's Armor,,Shipboard troops,8,,0,Super Genius Games,B-,"Half weight and improved mobility, with reduced normal AC but full protection under cover and vs critical confirmations.",equipment;armor,Armor variant,Verified
Advanced Options: Oracle's Curses,Low,Very High,1,0,0,5,Addict,Mechanically extreme; severe operational cost.,DC-focused oracle,2,,0,Super Genius Games,A*,Drug dependency; lower-level oracle spells use the highest available spell level when determining save DC.,oracle;curse;spell-dc,Oracle curse,Verified
Advanced Options: Oracle's Curses,Low,Low,0,0,0,1,Ailing,,NPC concept,2,,0,Super Genius Games,C,Fatigue and illness liabilities; adds fatigue/exhaustion debuff spells known.,oracle;curse;fatigue,Oracle curse,Verified
Advanced Options: Oracle's Curses,Low,Low,0,0,0,1,Amputee,,Concept option,2,,0,Super Genius Games,C,Permanent missing hand; adds illusion and mobility spells through ethereal jaunt.,oracle;curse;spells-known,Oracle curse,Verified
Advanced Options: Oracle's Curses,Low,Medium,0,0,0,0,Convulsions,Large high-level numerical benefit.,Defensive oracle,2,,1,Super Genius Games,B+,"Natural 1s disrupt held items, but grants half oracle level to Reflex saves and Escape Artist.",oracle;curse;reflex,Oracle curse,Verified
Advanced Options: Oracle's Curses,Medium,High,1,5,0,0,Drunkard,Strong Influence precedent; serious addiction risk.,Social oracle,2,,1,Super Genius Games,A*,Alcohol creates stacking Wisdom-check penalties and Charisma-check bonuses up to half oracle level.,oracle;curse;charisma;alcohol,Oracle curse,Verified
Advanced Options: Oracle's Curses,Low,Low,0,1,0,0,Frail,,Skill oracle,3,,0,Super Genius Games,C,Fatigue under injury/ability damage in exchange for extra skill points and class skills.,oracle;curse;skills,Oracle curse,Verified
Advanced Options: Oracle's Curses,Medium,Medium,0,0,2,2,Insomniac,Demiplane reduces the practical drawback.,Defensive oracle,3,,0,Super Genius Games,B,Needs uninterrupted sleep but later downgrades exhaustion and gains strong resistance to sleep/fatigue magic.,oracle;curse;sleep;spell-resistance,Oracle curse,Verified
Advanced Options: Oracle's Curses,Low,Medium,0,4,0,0,Misshapen,,Fear oracle,3,,0,Super Genius Games,B,"CMD penalty, scaling Intimidate bonus, and increasingly efficient area demoralization.",oracle;curse;intimidate,Oracle curse,Verified
Advanced Options: Oracle's Curses,Low,Medium,1,2,0,2,Peaceful Soul,,Nonviolent oracle,3,,0,Super Genius Games,B-,"Weak attacks and no AoOs, but stronger defensive casting and eventual at-will self-sanctuary.",oracle;curse;sanctuary,Oracle curse,Verified
Advanced Options: Oracle's Curses,Low,High,1,5,0,0,Provocative,Dangerous overlap with Demidius's social fatal flaw.,Social oracle,4,,0,Super Genius Games,A-,Nonlethal vulnerability in exchange for a large Diplomacy bonus and accelerated attitude influence.,oracle;curse;diplomacy,Oracle curse,Verified
Advanced Options: Oracle's Curses,Low,Medium,0,2,0,1,Squeamish,,Support oracle,4,,0,Super Genius Games,B-,Dealing HP damage sickens the oracle; grants strong Heal and disease/poison treatment.,oracle;curse;healing,Oracle curse,Verified
Advanced Options: Oracle's Curses,None,Very Low,0,0,0,0,Star-Crossed,Directly hostile to Demidius's core strategy.,Probability cautionary example,4,,0,Super Genius Games,D,Natural 11 is an automatic failure and pure chance is biased against the oracle; adds inspiration spells.,oracle;curse;luck;automatic-failure,Oracle curse,Verified
Advanced Options: Oracle's Curses,Low,Very Low,0,0,0,0,Unbelievable,Conflicts with party-face role.,NPC concept,4,,0,Super Genius Games,D,Severe penalties when persuading others to accept information; scaling Sense Motive bonus.,oracle;curse;social,Oracle curse,Verified
Advanced Options: Oracle's Curses,Low,Medium,1,0,0,2,Accursed,,Curse defense,5,"Cha 13, oracle's curse",0,Super Genius Games,B,+4 AC against curse attacks and +4 saves against curses.,feat;curse;defense,Feat,Verified
Advanced Options: Oracle's Curses,Low,High variance,1,1,0,2,Second Curse,Requires careful pairing and GM review.,Curse optimization gateway,5,"Cha 13, oracle's curse, 5th level",1,Super Genius Games,B*,Take a second curse and gain its benefits at oracle level –4.,feat;oracle;curse,Feat,Verified
Advanced Options: Oracle's Curses,Low,Medium,1,0,0,1,Suspend Curse,,Curse safety valve,5,"Wis 13, Cha 15, oracle's curse",1,Super Genius Games,B,Sacrifice a spell slot to suppress curse drawbacks for 2 rounds per spell level.,feat;oracle;curse,Feat,Verified
Advanced Options: Oracle's Curses,None,Very High risk,1,0,0,4,Variable Curse,"The CL bonus is attractive for dispel, but random liabilities are unacceptable.",Caster-level temptation,5,"Cha 13, oracle's curse",1,Super Genius Games,C*,Randomly rotate among five curses; gain +1 caster level for oracle spells.,feat;oracle;caster-level;random,Feat,Verified
Advanced Options: Witches' Hexes,Medium,Medium,0,2,0,2,Asylum,,Spirit Guide candidate,2,,0,Super Genius Games,B,Sanctuary-like protection for a nonattacking creature.,hex;defense,Hex,Verified
Advanced Options: Witches' Hexes,Medium,Low,0,1,0,1,Balm,,Support,2,,0,Super Genius Games,C+,"Fast healing 2, later 3, for 3 + level rounds.",hex;healing,Hex,Verified
Advanced Options: Witches' Hexes,High,Medium,0,4,0,1,Beatific Smile,,Crew support,2,,0,Super Genius Games,B,Scaling morale bonus to one roll category for an ally.,hex;buff;morale,Hex,Verified
Advanced Options: Witches' Hexes,Medium,Low,0,2,0,1,Blood Boil,,Martial support,2,,0,Super Genius Games,C+,Short-duration rage effect on a touched ally.,hex;rage,Hex,Verified
Advanced Options: Witches' Hexes,Low,Low,0,0,0,1,Bungle,,Control,2,,0,Super Genius Games,C,Intelligence-based remote disarm.,hex;disarm,Hex,Verified
Advanced Options: Witches' Hexes,Medium,Low,0,0,2,1,Catseye,,Crew utility,2,,0,Super Genius Games,C,24-hour low-light vision or darkvision.,hex;senses,Hex,Verified
Advanced Options: Witches' Hexes,Low,Low,0,0,0,2,Entropy,,Anti-item control,2,,0,Super Genius Games,C,Intelligence-based sunder dealing 2d6 + level to an item.,hex;sunder,Hex,Verified
Advanced Options: Witches' Hexes,Medium,Low,0,1,2,0,Familiar Growth,,Familiar builds,2,,0,Super Genius Games,B,Turns a familiar into an animal-companion-like combat form.,hex;familiar,Hex,Verified
Advanced Options: Witches' Hexes,Low,Low,0,0,0,2,Gremlin,,Control,3,,0,Super Genius Games,C+,Intelligence-based remote grapple without becoming grappled.,hex;grapple,Hex,Verified
Advanced Options: Witches' Hexes,Low,Low,0,0,0,1,Hobble,,Control,3,,0,Super Genius Games,C,Intelligence-based remote trip.,hex;trip,Hex,Verified
Advanced Options: Witches' Hexes,Low,None,0,0,0,0,Medusa Locks,,NPC flavor,3,,0,Super Genius Games,D,Intelligence-based natural hair attack usable while grappled.,hex;natural-attack,Hex,Verified
Advanced Options: Witches' Hexes,Medium,Low,0,0,3,0,Scuttle,,Shipboard mobility,3,,0,Super Genius Games,C+,Scaling climb mastery and eventual climb speed.,hex;climb,Hex,Verified
Advanced Options: Witches' Hexes,Medium,Medium,0,1,1,2,Shadows,,Infiltration/control,3,,1,Super Genius Games,B-,Creates enforced dim light that magic light cannot fully negate.,hex;darkness,Hex,Verified
Advanced Options: Witches' Hexes,Low,Low,0,0,0,1,Wail,,Positioning,4,,0,Super Genius Games,C,Intelligence-based remote bull rush.,hex;bull-rush,Hex,Verified
Advanced Options: Witches' Hexes,High,High,0,4,4,1,Whispers,,Skill/crafting support,4,,1,Super Genius Games,A,"Grants half witch level to one skill, with duration based on the skill.",hex;skill;crafting,Hex,Verified
Advanced Options: Witches' Hexes,High,Medium,0,2,4,0,Will-O'-Wisp,,Security/watch,4,,1,Super Genius Games,B+,"Hour-long light granting +4, later +8, Perception in its area.",hex;perception;security,Hex,Verified
Advanced Options: Witches' Hexes,High,High,4,2,4,1,Ally,,Planar support,4,,0,Super Genius Games,A,"Material-component-free lesser planar ally, upgrading to planar ally.",major-hex;planar-ally,Major hex,Verified
Advanced Options: Witches' Hexes,High,Medium,1,3,5,1,Cornucopia,,Logistics/buff,4,,0,Super Genius Games,A-,Enhanced provisions; later long-duration heroes' feast.,major-hex;heroes-feast;logistics,Major hex,Verified
Advanced Options: Witches' Hexes,Medium,Very High,0,2,0,5,Doom Gaze,,Save-debuff setup,4,,1,Super Genius Games,S-,"Penalty to AC, checks, attacks, saves, or skills; scales to –8 at 16th.",major-hex;debuff;saving-throws,Major hex,Verified
Advanced Options: Witches' Hexes,Low,Low,0,0,0,1,Infestation,,Summoning/control,4,,1,Super Genius Games,C+,Controlled swarm with scaling luck bonuses.,major-hex;swarm;luck,Major hex,Verified
Advanced Options: Witches' Hexes,Low,High,1,5,0,3,Kiss of Oblivion,,Influence/enchantment,5,,0,Super Genius Games,A-,Modify memory through a kiss.,major-hex;memory;enchantment,Major hex,Verified
Advanced Options: Witches' Hexes,Medium,Very High,0,3,0,5,Mock,,Action-denial,5,,1,Super Genius Games,A+,"Staggers a target for level rounds, with repeated saves and once/day targeting.",major-hex;staggered;language-dependent,Major hex,Verified
Advanced Options: Witches' Hexes,High,Medium,0,2,3,2,Restoration,,Crew recovery,5,,0,Super Genius Games,B+,"Lesser restoration, neutralize poison, remove disease; later heal-like condition removal.",major-hex;restoration,Major hex,Verified
Advanced Options: Witches' Hexes,High,Very High,1,2,5,4,Rune Hex,,Preparation and security,5,,2,Super Genius Games,A+,Stores a known hex in a touch/read-triggered rune.,major-hex;rune;contingency,Major hex,Verified
Advanced Options: Witches' Hexes,Low,High,1,5,0,3,Allure,,Mass influence,5,,0,Super Genius Games,A,Sympathy centered on the witch.,grand-hex;sympathy;enchantment,Grand hex,Verified
Advanced Options: Witches' Hexes,Low,Low,0,1,0,2,Kiss of Death,,Lethal NPC option,6,,0,Super Genius Games,C,Finger of death through a kiss.,grand-hex;death,Grand hex,Verified
Advanced Options: Witches' Hexes,Very High,Medium,1,5,5,0,Retainers,,Organization building,6,,0,Super Genius Games,A+,"Leadership-like retainers, adding Intelligence to score and replacing cohort with multiple special retainers.",grand-hex;leadership;retainers,Grand hex,Verified
Advanced Options: Witches' Hexes,Medium,Medium,1,1,2,3,Shapeshift,,Aristea/shapeshifter,6,,0,Super Genius Games,A,Shapechange without focus for 5 minutes/level per day.,grand-hex;shapechange,Grand hex,Verified
Advanced Options: Witches' Hexes,High,Very High,3,4,4,5,Wish Giver,,Strategic flexibility,6,,2,Super Genius Games,S,Grant another creature a limited wish once/day without material component.,grand-hex;limited-wish,Grand hex,Verified
Advanced Options: Witches' Hexes,Medium,Medium,0,1,1,2,Enlarge Hex,,Hex users,6,"Int 13, hex class feature",0,Super Genius Games,B,Double the range of a non-touch hex several times/day.,feat;hex;range,Feat,Verified
Advanced Options: Witches' Hexes,Medium,High,0,1,0,3,Hex Expertise,,Hex users,6,"Int 13, hex class feature",1,Super Genius Games,A,Use a selected once-per-24-hours hex twice on the same target.,feat;hex;frequency,Feat,Verified
Advanced Options: Witches' Hexes,Low,High,0,1,0,4,Hex Focus,,Offensive hex users,6,"Int 13, hex class feature",0,Super Genius Games,A,Increase one selected hex's save DC by 2.,feat;hex;save-dc,Feat,Verified
Advanced Options: Witches' Hexes,Medium,Very High,0,1,0,4,Quicken Hex,,Action economy,6,"Int 13, major hex class feature",0,Super Genius Games,A+,Use a hex as a swift action once/day; later works on a major hex.,feat;hex;swift-action,Feat,Verified
Advanced Options: Alchemists' Discoveries,Medium,None,0,0,1,1,Airburst Rocket,,Bomb specialist,2,,0,Super Genius Games,B-,Area rocket bomb with 60-foot range and 20-foot splash radius.,discovery;bomb;area,Discovery,Verified
Advanced Options: Alchemists' Discoveries,High,Low,0,0,4,0,Amphibious Mutagen,,Aquatic crew,2,,0,Super Genius Games,B,Mutagen grants swim speed and underwater breathing.,discovery;mutagen;aquatic,Discovery,Verified
Advanced Options: Alchemists' Discoveries,Medium,Low,0,0,0,2,Barb Bomb,,Battlefield control,2,,0,Super Genius Games,B,Bomb halves movement until healed or barbs are removed.,discovery;bomb;slow,Discovery,Verified
Advanced Options: Alchemists' Discoveries,Medium,Low,0,0,0,4,Blinding Bomb,,Control alchemist,2,,0,Super Genius Games,A-,Replaces bomb damage with permanent blindness on direct hit and 1-round splash blindness.,discovery;bomb;blindness,Discovery,Verified
Advanced Options: Alchemists' Discoveries,Low,None,0,0,0,1,Burst Bomb,,Bomb shape,2,,0,Super Genius Games,C,Bomb explodes as a 20-foot cone centered adjacent to the alchemist.,discovery;bomb,Discovery,Verified
Advanced Options: Alchemists' Discoveries,Low,None,0,0,0,1,Chitinous Mutagen,,Defense,2,,0,Super Genius Games,C+,Mutagen grants +4 enhancement natural armor.,discovery;mutagen;armor,Discovery,Verified
Advanced Options: Alchemists' Discoveries,Medium,None,0,0,3,0,Cliffwalking Mutagen,,Shipboard mobility,2,,0,Super Genius Games,C+,Mutagen grants climb speed equal to half base speed.,discovery;mutagen;climb,Discovery,Verified
Advanced Options: Alchemists' Discoveries,Medium,Low,0,0,0,3,Deafening Bomb,,Anti-caster support,2,,0,Super Genius Games,B+,Bomb permanently deafens on a failed Fortitude save.,discovery;bomb;deafened,Discovery,Verified
Advanced Options: Alchemists' Discoveries,Low,None,0,0,0,2,Essence of Aberration,,Defense,2,,0,Super Genius Games,B,Mutagen gains 50% critical/sneak negation and darkvision.,discovery;mutagen;fortification,Discovery,Verified
Advanced Options: Alchemists' Discoveries,Medium,None,0,0,2,0,Essence of the Cheetah,,Mobility,2,,0,Super Genius Games,B,"Mutagen grants +30-foot haste bonus to speed, capped at double speed.",discovery;mutagen;speed,Discovery,Verified
Advanced Options: Alchemists' Discoveries,Medium,None,0,1,2,0,Essence of the Eagle,,Lookout support,2,,0,Super Genius Games,C+,Mutagen grants low-light vision and +4 sight-based Perception.,discovery;mutagen;perception,Discovery,Verified
Advanced Options: Alchemists' Discoveries,Medium,None,0,1,2,0,Essence of the Wolf,,Tracking/security,2,,0,Super Genius Games,C+,Mutagen grants scent.,discovery;mutagen;scent,Discovery,Verified
Advanced Options: Alchemists' Discoveries,High,Low,0,0,4,2,Explosive Trap,,Ship/demiplane security,3,,0,Super Genius Games,B+,Turns a bomb into a proximity trap with high detection/disarm DC.,discovery;bomb;trap,Discovery,Verified
Advanced Options: Alchemists' Discoveries,Low,None,0,0,0,0,High Explosive,,Damage alchemist,3,,0,Super Genius Games,C+,Spend two bombs for two additional damage dice.,discovery;bomb;damage,Discovery,Verified
Advanced Options: Alchemists' Discoveries,High,Low,0,2,4,0,Homunculus,,Workshop/security,3,,0,Super Genius Games,A-,"Gain a homunculus familiar, replaceable for 1,000 gp and one day.",discovery;homunculus;familiar,Discovery,Verified
Advanced Options: Alchemists' Discoveries,Low,None,0,0,0,0,Minibomb,,Bomb endurance,3,,0,Super Genius Games,B-,Reduce bomb damage by two dice to spend only half a daily bomb use.,discovery;bomb;efficiency,Discovery,Verified
Advanced Options: Alchemists' Discoveries,Medium,Low,0,1,1,2,Phantom Mutagen,,Infiltration,3,,1,Super Genius Games,A-,Mutagen grants greater invisibility at class level.,discovery;mutagen;invisibility,Discovery,Verified
Advanced Options: Alchemists' Discoveries,Low,Low,0,0,0,3,Potent Extract,,Alchemist buffing,4,,0,Super Genius Games,A-,Treat extract caster level as 2 higher.,discovery;extract;caster-level,Discovery,Verified
Advanced Options: Alchemists' Discoveries,Low,Low,0,0,0,2,Preserved Extract,,Buff duration,4,,0,Super Genius Games,B,Increase extract durations over 1 round by 50%.,discovery;extract;duration,Discovery,Verified
Advanced Options: Alchemists' Discoveries,Medium,None,0,0,2,1,Rocket,,Ship combat,4,,0,Super Genius Games,B-,"Bomb range 40 feet, or 60 feet with one less damage die.",discovery;bomb;range,Discovery,Verified
Advanced Options: Alchemists' Discoveries,Low,None,0,0,0,1,Vital Extract,,Sustain,4,,0,Super Genius Games,C+,"Every consumed extract heals Intelligence modifier, capped by extract level.",discovery;extract;healing,Discovery,Verified
Advanced Options: Alchemists' Discoveries,Low,None,0,0,0,0,Volatile Bomb,,Damage alchemist,4,,0,Super Genius Games,C+,"Bombs gain 19–20 threat range, improving with Improved Critical.",discovery;bomb;critical,Discovery,Verified
Advanced Options: Alchemists' Discoveries,Medium,None,0,0,3,0,Durable Creations,,Device specialist,6,,0,Super Genius Games,B,Makes spagyric devices much harder to break or removes their energy vulnerability.,discovery;spagyric;durability,Spagyric discovery,Verified
Advanced Options: Alchemists' Discoveries,High,Low,1,1,5,2,Esoteric Studies,,Crafting/infrastructure,6,,0,Super Genius Games,A+,Select two spells per class level from any list to expand item prerequisites for devices.,discovery;spagyric;spell-access;crafting,Spagyric discovery,Verified
Advanced Options: Alchemists' Discoveries,S,Low,0,4,5,0,Mass Production,,Outfitting followers,6,,0,Super Genius Games,S-,Duplicate devices count at half and then quarter cost against the daily device limit.,discovery;spagyric;mass-production,Spagyric discovery,Verified
Advanced Options: Alchemists' Discoveries,Low,Low,0,0,0,2,Metamorph,,Transformation,7,,0,Super Genius Games,B,Once/day polymorph or baleful polymorph through metamorphosis.,discovery;metamorphosis;polymorph,Metamorphosis discovery,Verified
Advanced Options: Alchemists' Discoveries,Low,None,0,0,1,0,Noble Metamorphosis,,Economic flavor,8,,0,Super Genius Games,C,Improves daily base-material conversion value.,discovery;metamorphosis;economy,Metamorphosis discovery,Verified
Advanced Options: Alchemists' Discoveries,Low,None,0,0,1,0,Royal Metamorphosis,,Economic flavor,8,,0,Super Genius Games,C,Further improves daily base-material conversion value.,discovery;metamorphosis;economy,Metamorphosis discovery,Verified
Advanced Options: Alchemists' Discoveries,Medium,Low,1,1,2,4,Ultimate Metamorph,,Strategic transmutation,8,,1,Super Genius Games,A,Once/day polymorph any object.,discovery;metamorphosis;polymorph-any-object,Metamorphosis discovery,Verified
Advanced Options: Alchemists' Discoveries,Very High,Low,1,3,5,1,Spagyric Devices,Extremely strong infrastructure feature; requires GM scrutiny.,Dawnrunner quartermaster/crafter,4,,0,Super Genius Games,S-,"Replace bombs, mutagen, or extracts with a daily reconfigurable pool of magic-item-like devices based on a level-scaled gp limit.",alternate-alchemy;spagyric;magic-items;crafting,Alternate alchemy feature,Verified
Advanced Options: Alchemists' Discoveries,Medium,Low,0,0,2,2,Metamorphosis,,Transmutation specialist,7,,0,Super Genius Games,B,Replace a core alchemy feature with material transmutation plus ranged deterioration/transfiguration effects.,alternate-alchemy;metamorphosis,Alternate alchemy feature,Verified
Advanced Options: Alchemists' Discoveries,High,None,0,1,4,0,Extra Devices,,Device specialist,8,Spagyric devices,0,Super Genius Games,A-,Use the spagyric gp limit of an alchemist one level higher.,feat;spagyric,Feat,Verified
Advanced Options: Alchemists' Discoveries,Low,None,0,0,1,1,Extra Metamorphosis,,Metamorphosis specialist,8,Metamorphosis,0,Super Genius Games,B,Gain two additional great metamorphosis uses/day; stackable.,feat;metamorphosis,Feat,Verified
Advanced Options: Cavaliers' Orders,Low,Medium,0,0,0,3,Dauntless,,,3,,2,Super Genius Games,A-,"At 2nd level, the cavalier unbending as the weapons they favor. gains a +4 bonus to saving throws against Alignment: Any lawful. fear effects. When he does suffer a fear effect,",fear,Class option,Verified — content-level extraction
Advanced Options: Cavaliers' Orders,Low,Low,0,0,0,0,Bold,,,3,,0,Super Genius Games,C,"At 8th level, the cavalier can use some respect to all his fearless dedication to rise to the challenge laws which are applied when suffering from disadvantageous evenly and designed prove his bravery. He must be valorous in circumstances. If the cavalier has a penalty to maintain order. He deed, bold in his actions, and supp",fear;challenge,Class option,Verified — content-level extraction
Advanced Options: Cavaliers' Orders,Low,Low,0,0,0,0,Master of the Glaive,,,4,,0,Super Genius Games,C,"At 15th level, the is threatening the target. This bonus increases cavalier gains Whirlwind Attack as a bonus by +1 for every four levels the cavalier possesses. feat, but only when wielding a glaive or Skills: An order of the glaive cavalier adds other polearm with reach. The cavalier does Knowledge (nobility) (In",,Class option,Verified — content-level extraction
Advanced Options: Cavaliers' Orders,Low,Low,0,0,0,0,Student of the Glaive,,,4,,0,Super Genius Games,C,"At 2nd level, the of the individual. These cavaliers strongly CMD against attacks made by the target cavalier receives Weapon Focus (glaive) as a believe in loyalty, respect, and friendship of his challenge. This bonus increases by +2 bonus feat. In addition, as an immediate action, and aggressively defend the rights of the for every four",challenge;ship,Class option,Verified — content-level extraction
Advanced Options: Cavaliers' Orders,Low,Medium,0,0,0,3,Griffon’s Stubbornness,,,4,,2,Super Genius Games,A-,"At 2nd level, Way of the Glaive (Ex): At 8th level, the cavalier Edicts: The cavalier must remain fiercely the cavalier gains a +2 bonus to his Will gains a +1 bonus on attack rolls and damage loyal to his friends and allies. He must saving throws. rolls with a glaive or other polearm with reach. defend every sentie",damage,Class option,Verified — content-level extraction
Advanced Options: Cavaliers' Orders,Low,Medium,0,0,0,3,Way of the Glaive,,,4,,2,Super Genius Games,A-,"At 8th level, the cavalier Edicts: The cavalier must remain fiercely the cavalier gains a +2 bonus to his Will gains a +1 bonus on attack rolls and damage loyal to his friends and allies. He must saving throws. rolls with a glaive or other polearm with reach. defend every sentient being’s right to free Call of the Griff",damage,Class option,Verified — content-level extraction
Advanced Options: Cavaliers' Orders,Low,Low,0,0,0,0,Call of the Griffon,,,4,,0,Super Genius Games,C,"At 8th level, the These bonuses increase by +1 for every four will and oppose slavery in all forms. He must cavalier can call a griffon to serve as his cavalier levels beyond 8th. In addition, the dedicate himself to promoting free",,Class option,Verified — content-level extraction
Advanced Options: Cavaliers' Orders,Low,Low,0,0,0,0,Order of the Rose order of the rose gains the following abilities as,,,5,,0,Super Genius Games,C,"Order of the Rose order of the rose gains the following abilities as Cavaliers who join the order of the does not use the animal companion rules he increases in level. rose devote their lives to the cause of for advancement. Instead, the griffon is",,Cavalier order,Verified — content-level extraction
Advanced Options: Cavaliers' Orders,Low,Low,0,0,0,0,This griffon is always considered helpful Freedom’s Child,,,5,,0,Super Genius Games,C,"At 15th level, the Skills: An order of the rose cavalier adds toward the cavalier, and it requires only cavalier is the epitome of freedom and free Heal (Wis) and Knowledge (religion) (Int) to three weeks of practice and training before will. Whenever the cavalier makes a Will his list of class skills. When making Knowledge becoming comfo",,Class option,Verified — content-level extraction
Advanced Options: Cavaliers' Orders,Low,Low,0,0,0,3,Banner of Good,,,6,,0,Super Genius Games,C,"At 8th level, the Skills: An order of the secret flame cavalier’s banner ability bonuses increase by +2. cavalier adds Knowledge (arcana) (Int) and This bonus affects only allies who are good. Use Magic Device (Cha) to his list of class Righteous Challenge (Ex): At 15th level, the",magic;challenge,Class option,Verified — content-level extraction
Advanced Options: Cavaliers' Orders,Low,Low,0,0,0,3,Righteous Challenge,,,6,,0,Super Genius Games,C,"At 15th level, the skills. Whenever he makes a Use Magic cavalier can make a righteous challenge once Device to activate an item a sorcerer or per day against an evil target. This functions wizard could use, he receives a bonus on like a normal challenge, but the cavalier adds his",magic;challenge,Feat,Verified — content-level extraction
Advanced Options: Cavaliers' Orders,High,Low,0,0,4,3,Touch of Magic,,,6,,0,Super Genius Games,B,"At 2nd level, the Successful attacks from a righteous challenge cavalier gains the ability to cast read magic automatically bypass any DR the evil creature at will as a spell-like ability. The cavalier might possess.",spell;magic;ally;challenge,Class option,Verified — content-level extraction
Advanced Options: Cavaliers' Orders,Low,Low,0,0,0,3,Master of the Secret Flame,,,6,,0,Super Genius Games,C,"At 15th graduates of a specific school, or even the vast secret flame cavalier issues a challenge, he level, the cavalier gains the power to cast idea of arcane magic. These cavaliers go to receives a +1 dodge bonus to his AC against",magic;challenge,Class option,Verified — content-level extraction
Advanced Options: Cavaliers' Orders,Low,Low,0,0,0,0,Trample,,,7,,0,Super Genius Games,C,"At 8th level, the cavalier’s mount is dedicated to the causes of evil, tyranny, (religion) (Int) to his list of class skills. In gains the trample special attack (see Universal and death. Members of this order are under addition, whenever an order of the skull no delusion",death,Class option,Verified — content-level extraction
Advanced Options: Extra Evolutions,Medium,Low,0,3,2,3,Guise,,,2,,0,Super Genius Games,A-,"An eidolon appears to be Ink Cloud (Ex): While underwater, an product. an ordinary (not summoned) humanoid, eidolon can emit a 10-foot-radius sphere of monstrous humanoid, animal, or magical ink once per minute as a free action. The ink beast (dependi",magic;eidolon;water,Class option,Verified — content-level extraction
Advanced Options: Extra Evolutions,Low,Low,0,0,0,0,Luminescence,,,3,,0,Super Genius Games,C,"An eidolon grows a eidolon cannot make an attack with the Shell (Ex): An eidolon has a large shell, gland similar to a firefly, glowing brightly quills without making a grapple check, similar to a turtle’s, into which it can withdraw enough to provide light in a 20-foot radius. but it counts as a secondary attack for the its extremities.",eidolon;grapple,Class option,Verified — content-level extraction
Advanced Options: Extra Evolutions,Low,Low,0,0,0,0,Metal Skin,,,3,,0,Super Genius Games,C,"An eidolon’s skin is over the entirety of its body. All creatures itself back out of its shell as a swift action. made of metal, such as bronze, copper, iron, within 30 feet must make Reflex saving Sprint (Ex): An eidolon can sprint like a or steel. The eidolon gains DR 1/—. You throws (DC 10 + one-half the eidolon’s HD cheetah. Once per",eidolon,Class option,Verified — content-level extraction
Advanced Options: Extra Evolutions,Medium,Low,0,3,2,0,Mimicry,,,3,,0,Super Genius Games,A-,"An eidolon can assume the appearance of a creature with the same basic size and shape as the eidolon’s base form, also gaining the ability to sound like the chosen creature. The eidolon does not gain any new abilities, nor lose its old ones, though it does gain a +20 bonus to Disguise checks to appear to be a different kind of creature. T",disguise;eidolon,Class option,Verified — content-level extraction
Advanced Options: Extra Evolutions,High,Low,0,0,4,0,Quills,,,3,,0,Super Genius Games,B,"An eidolon has long, sharp natural barbs over most or all of its body. When the eidolon makes a successful grapple attack, it can also automatically deal 1d6 points of piercing damage with its quills (1d8 if Large, 2d6 if Huge). The 3",ally;eidolon;damage;grapple,Class option,Verified — content-level extraction
Advanced Options: Extra Evolutions,Low,Low,0,0,0,0,Water Mastery,,,4,,0,Super Genius Games,C,An eidolon gains a +1 takes half its maximum hit points in damage by spending 1 additional evolution point bonus to attack rolls and damage rolls if both it and gains the broken condition; a second hit (maximum 3/day). The summoner must and its opponent are touching water. If neither destroys the item. Against creatures made of be at leas,eidolon;water;damage,Class option,Verified — content-level extraction
Advanced Options: Extra Evolutions,Low,Low,0,0,0,0,Bloody Spray,,,4,,0,Super Genius Games,C,"An eidolon can fire a stream point (maximum 3/day). The summoner can use this ability once per minute. of heated blood from its own eye sockets, as a must be at least 3rd level before selecting horny toad does, blinding a foe. As a standard this evolution. Formless (Ex): An eidolon has no set action, the eidolon selects one target within",eidolon,Class option,Verified — content-level extraction
Advanced Options: Extra Evolutions,Low,Low,0,0,0,0,Death Roll,,,4,,0,Super Genius Games,C,"An eidolon can spin its fleshlike ooze. It can grow claws, tentacles, feet, forcing that target to make a Reflex saving head or whole body repeatedly as a swift throw (DC 10 + one-half the eidolon’s HD + the or tails (as dictated by its evolutions), but action after grappling a foe of its size or t",death;eidolon,Class option,Verified — content-level extraction
Advanced Options: Extra Evolutions,Medium,Low,0,3,2,0,Camouflage,,,4,,0,Super Genius Games,A-,"An eidolon’s hide, plus evolution. rolls from squeezing, and it can squeeze into any hair or fur, change coloration to match its Deafening Roar (Ex): An eidolon can spaces as if it was one size category smaller surroundings. This evolution grants the eidolon release an amazingly loud roar as a standard than its true size. An eidolon canno",eidolon,Class option,Verified — content-level extraction
Advanced Options: Extra Evolutions,Low,Low,0,0,0,0,Corrode Metal,,,4,,0,Super Genius Games,C,An eidolon can cause any the normal +1 per 10 feet). The eidolon can the eidolon with Hit Dice equal to or lower metal object it touches (using any melee attack) use this ability once per day. The eidolon than the eidolon’s to make a Will saving to swiftly rust and corrode. The object touched can use this ability 1 additional time per day,eidolon,Class option,Verified — content-level extraction
Advanced Options: Extra Evolutions,High,Medium,0,0,4,3,Howdah,,,5,,2,Super Genius Games,A,"An eidolon has a built-in eidolon’s HD + the eidolon’s Constitution or a Heal check with the same DC as the stench cabin appropriate for holding one creature modifier) or lose the ability to breathe air musk’s Reflex saving throw DC). The eidolon a size category smaller than it, two creatures (but gain the ability to breathe water) for 1",eidolon;water,Class option,Verified — content-level extraction
Advanced Options: Extra Evolutions,Low,Low,0,0,0,0,Metamorph,,,5,,0,Super Genius Games,C,"An eidolon can change to maneuvers, and other size modifiers. An its base form as a full-round action. It eidolon can maintain this increased size for 1 changes all its starting statistics to match minute per point of Constitution score, then the new form, loses any free evolutions must deflate (a swift action). It also deflates from its",eidolon,Class option,Verified — content-level extraction
Advanced Options: Extra Evolutions,Low,Medium,0,0,0,3,Suction,,,6,,2,Super Genius Games,A-,"An eidolon can create powerful Huge). An opponent hit by the darts takes the focus of the grab evolution. A summoner suction against any surface as it climbs, allowing a –1 circumstance penalty to attack rolls, must be at least 9th level before selecting it to cling to inverted surfaces with ease. An saving throws, and checks until the th",eidolon,Class option,Verified — content-level extraction
Advanced Options: Extra Evolutions,High,Low,0,0,4,0,Self-Destruct,,,6,,0,Super Genius Games,B,"An eidolon can swift action, and as long as it is using suction, it thorns). An eidolon can use this attack only explode, killing itself, and it automatically moves at half speed. Because of the suction, the six times in a 24-hour period, since it",ally;eidolon,Class option,Verified — content-level extraction
Advanced Options: Extra Evolutions,Low,Low,0,0,0,0,Adhesive Lash,,,6,,0,Super Genius Games,C,"As a standard action, an Dolorous Wounds (Su): An eidolon’s Suffocating Slime (Su): An eidolon can eidolon can fire out a long, sticky pseudopod natural attacks leave horrific, jagged wounds create a thick, sticky slime that makes it",eidolon,Class option,Verified — content-level extraction
Advanced Options: Extra Evolutions,Low,Low,0,0,0,0,Suffocating Slime,,,6,,0,Super Genius Games,C,"An eidolon can eidolon can fire out a long, sticky pseudopod natural attacks leave horrific, jagged wounds create a thick, sticky slime that makes it similar to a frog’s tongue. The adhesive lash has that continue to bleed. Pick one bite,",eidolon,Class option,Verified — content-level extraction
Advanced Options: Extra Evolutions,High,Medium,0,0,4,3,Darts,,,6,,2,Super Genius Games,A-,"An eidolon has a group of needle- (DC 10 + one-half the eidolon’s HD + the can take a full-round action to make another sharp quills or spines, usually located around eidolon’s Constitution modifier) or take this Reflex saving throw to remove the slime. the head or on a tail. It can fire a cluster of these acid damage once a round for an",ally;eidolon;damage,Class option,Verified — content-level extraction
Advanced Options: Extra Evolutions,Low,Medium,0,0,0,3,Gaze Attack,,,7,,2,Super Genius Games,A-,An eidolon gains a gaze cloud. The hallucination effect lasts for 1d4 attack. Only one creature can be affected rounds after leaving the area. A creature by the eidolon’s gaze attack each round. must make a new saving throw each An affected target must make a Fortitude round it remains within the affected area. saving throw (DC 10 + one-h,eidolon,Class option,Verified — content-level extraction
Advanced Options: Extra Evolutions,Low,Low,0,0,0,0,Lava Puddle,,,7,,0,Super Genius Games,C,"An eidolon can, once per be at least 12th level before selecting this day as a full-round action, create a puddle evolution. To determine what hallucination of lava that fills its space to a depth of 2–3 is suffered each round, roll 1d6 and consult inches and counts as difficult terrain. Any the following table. creature that moves throug",eidolon,Class option,Verified — content-level extraction
Advanced Options: Extra Evolutions,Low,Medium,0,0,0,3,Spores,,,7,,2,Super Genius Games,A-,"As a standard action once You’ve shrunk to 1/10th your normal per minute, an eidolon can release a cloud 5 size! Take no actions for 1 round, and of invisible spores in a 20-foot radius. Each monsters won’t see you. creature within the area must succeed on a You’re melting! Grasp hold of yourself Fortitude saving throw (DC 10 + one-half t",eidolon,Class option,Verified — content-level extraction
Advanced Options: Inquisitors' Judgments,Low,Low,0,0,0,0,Accuracy,,,3,,0,Super Genius Games,C,The inquisitor’s eyes glow bonus on her CMB for all bull rush checks. with divine light. The inquisitor adds a This bonus increases by +1 for every three 5-foot sacred bonus to the range increment inquisitor levels she possesses. Unless the of any ranged weapon attack she makes. inquisitor has Improved Bull Rush (or a This bonus increases,,Class option,Verified — content-level extraction
Advanced Options: Inquisitors' Judgments,Low,Low,0,0,0,3,Alacrity,,,3,,0,Super Genius Games,C,"The inquisitor is filled with holy Freeing: The inquisitor is filled energy that grants her a sacred 5-foot bonus with a surge of divine inspiration, to all her current move rates, including granting her a +1 bonus on her CMB those gained through magic items or spells. for grap",spell;magic,Class option,Verified — content-level extraction
Advanced Options: Inquisitors' Judgments,Low,Low,0,0,0,3,Freeing,,,3,,0,Super Genius Games,C,"The inquisitor is filled energy that grants her a sacred 5-foot bonus with a surge of divine inspiration, to all her current move rates, including granting her a +1 bonus on her CMB those gained through magic items or spells. for grapple maneuver checks or Escape This bonus increase",spell;magic;grapple,Class option,Verified — content-level extraction
Advanced Options: Inquisitors' Judgments,Low,Low,0,0,0,0,Guarding,,,4,,0,Super Genius Games,C,"The inquisitor is surrounded by Unarming: The inquisitor is filled with successful hit, the target must make a Will a protective aura, granting a +1 sacred bonus divine cunning, granting her a +1 bonus on save (DC 10 + one-half the inquisitor’s level to Armor Class to adjacent allies. This bonus her CMB for all disarm maneuver checks. + h",save,Class option,Verified — content-level extraction
Advanced Options: Inquisitors' Judgments,Low,Low,0,0,0,0,Mysticism,,,4,,0,Super Genius Games,C,The inquisitor’s hands glow with inquisitor has Improved Disarm (or a similar judgment and third judgment class abilities. holy light as she gains additional spell power. ability) the attempt to perform a disarm An inquisitor must be at least 12th level The inquisitor gains a +1 sacred bonus to her maneuver provokes attacks of opportunity,spell;judgment,Class option,Verified — content-level extraction
Advanced Options: Inquisitors' Judgments,Low,Medium,0,0,0,3,Relentlessness,,,4,,2,Super Genius Games,A-,"The inquisitor’s entire body bonus to saving throws to all adjacent allies. depredations of disease, poisons, and many is bathed in a dull light, warding her against This bonus increases by +1 for every four spells. Whenever the inquisitor takes an combat maneuvers. The inquisitor gains a +2 inquisitor levels she possesses. ability drain",spell,Class option,Verified — content-level extraction
Advanced Options: Inquisitors' Judgments,Low,Medium,0,0,0,3,Theurgy,,,4,,2,Super Genius Games,A-,The inquisitor gains a boost of to force the barrier against the blocked to appear to be illuminated from beneath spellcasting inspiration. She gains a +1 sacred creature. Neutral inquisitors do not gain her skin. The inquisitor gains regeneration bonus to all caster level checks and concentration this benefit. 5. Damage with an alignment,spell;damage,Class option,Verified — content-level extraction
Advanced Options: Inquisitors' Judgments,High,Low,0,0,4,0,Revelation,,,5,,0,Super Genius Games,B,"The inquisitor’s eyes blaze with divine light. The inquisitor can see Especially with the addition of more invisible (as the spell), and she gains a bonus judgments in this product, players might to Perception checks equal to one-third her be interested in creating characters that inquisitor level. focus more strongly on judgment-wielding",spell;ally;judgment,Class option,Verified — content-level extraction
Advanced Options: Inquisitors' Judgments,Low,Low,0,0,0,0,Weakening,,,5,,0,Super Genius Games,C,"The inquisitor’s hands and a character should not be allowed to weapons glow with divine power, causing a multiclass between the two classes. Justicars successful attack with the weapon to deal 1d6 are most common in service to gods of Battle, ability score damage. Creatures struck are Strength, and War. In many lands justicars allowed a",damage,Class option,Verified — content-level extraction
Advanced Options: More Cavalier Orders,High,Low,0,0,4,0,Mounted Scion,,,3,,0,Super Genius Games,B,"At 15th level, the bonus increases by +1 for every four levels the cavalier can make a single ranged attack in cavalier possesses. place of a melee attack at the end of a charge. Skills: An order of the citadel cavalier adds During such a charge, the cavali",,Class option,Verified — content-level extraction
Advanced Options: More Cavalier Orders,Low,Low,0,0,0,0,Deft Archer,,,3,,0,Super Genius Games,C,"At 8th level, the cavalier interests and goals of her order above her (such as being dazed, helpless, or stunned). receives a dodge bonus to AC equal to one- own and must never question or disobey Decisive Commands (Ex): At 8th level, an order third his cavalier level when mounted and a command from a superior. She must be of the citadel",,Class option,Verified — content-level extraction
Advanced Options: More Cavalier Orders,Low,Low,0,0,0,0,Order of the Raven,,,4,,0,Super Genius Games,C,"Order of the Raven A cavalier of the order of the raven is an morale bonus to combat maneuver enforcer, sworn to the service of a specific",,Cavalier order,Verified — content-level extraction
Advanced Options: More Cavalier Orders,Low,Medium,0,0,0,3,Lord of Darkness,,,5,,2,Super Genius Games,A-,"The cavalier is so cavalier issues a challenge, she receives a +1 steeped in darkness and fear that he gains bonus to saving throws against attacks, spells, the ability to cast a spell connected to those and abilities that the target of her challenge concep",spell;fear;challenge,Class option,Verified — content-level extraction
Advanced Options: More Cavalier Orders,Low,Low,0,0,0,0,Fearsome Prowess,,,5,,0,Super Genius Games,C,"At 2nd level domains. This ability does not stack with undead. whenever the cavalier scores a critical hit spellcasting ability from any other source, Order Abilities: A cavalier belonging to the against a foe, he can immediately make including prestige classes that",spell;fear,Class option,Verified — content-level extraction
Advanced Options: More Cavalier Orders,Low,Low,0,0,0,0,Smite Undead,,,5,,0,Super Genius Games,C,"At 8th level, the cavalier not merely shaken). This bonus increases by might recognize that distinction, but the receives Channel Smite as a bonus feat. She can +1 at 4th level, and by an additional +1 every majority are more than willing to destroy",,Class option,Verified — content-level extraction
Advanced Options: More Cavalier Orders,Low,Low,0,0,0,0,Knight of Shadows,,,5,,0,Super Genius Games,C,"At 8th level the ones.) cavalier gains darkvision out to 60 feet. (A Edicts: The cavalier must seek to destroy the Channel Smite feat. She can take other feats cavalier that already has darkvision instead all undead and put to rest those souls to add to this ability, such as Extra Channel gains low-light vision.) The cavalier also turned",,Class option,Verified — content-level extraction
Advanced Options: More Cavalier Orders,High,Low,0,0,4,0,Order of the Trident an order of the trident cavalier receives a,,,6,,0,Super Genius Games,B,Order of the Trident an order of the trident cavalier receives a Cavaliers belonging to this order are +1 competence bonus to attack rolls and most often members of aquatic races such damage rolls with a trident. This bonus as sea e,damage,Cavalier order,Verified — content-level extraction
Advanced Options: More Cavalier Orders,High,Low,0,0,4,0,Student of the Trident,,,6,,0,Super Genius Games,B,"At 2nd level, Order of the Trident an order of the trident cavalier receives a Cavaliers belonging to this order are +1 competence bonus to attack rolls and m",,Class option,Verified — content-level extraction
Advanced Options: More Cavalier Orders,Low,Low,0,0,0,0,Undead Challenge,,,6,,0,Super Genius Games,C,"At 15th level, the trident cavalier issues a challenge, he receives trident. The cavalier does not need to meet cavalier can make an undead challenge once a +1 morale bonus to all melee damage rolls the prerequisites for this bonus feat. per day. This functions like a normal challenge, made against the target of his challenge as but it mu",challenge;damage,Feat,Verified — content-level extraction
Advanced Options: More Cavalier Orders,High,Low,0,0,4,0,Order of the Unicorn The cavalier and unicorn receive all,,,8,,0,Super Genius Games,B,Order of the Unicorn The cavalier and unicorn receive all Cavaliers who belong to this order are benefits granted from the cavalier’s mount staunch protectors of nature. The order is open class feature. The unicorn is not considered only to females of exceptionally pure virtue.,ally,Cavalier order,Verified — content-level extraction
Advanced Options: More Cavalier Orders,Low,Low,0,0,0,0,Whale Call of the Unicorn,,,8,,0,Super Genius Games,C,"At 8th level, the Starting Statistics: Size Medium; Speed cavalier can call a unicorn to serve as her swim 80 ft.; AC +1 natural armor; Attack bite faithful mount, guardian, and protector for (1d6); Ability Scores Str 11, Dex 19, Con 10, Int",,Class option,Verified — content-level extraction
Advanced Options: More Cavalier Orders,Low,Low,0,0,0,0,Challenge,,,9,,0,Super Genius Games,C,"Whenever an order 11 3 +4 of the wolf cavalier issues a challenge, his 12 4 +6 mount gains a +1 morale bonus to attack 13 5 +6 rolls and damage rolls made against the 14 6 +8 target. This bonus increases by +1 for every 15",challenge;damage,Feat,Verified — content-level extraction
Advanced Options: More Cavalier Orders,High,Low,0,4,3,0,Pack Tactics,,,9,,0,Super Genius Games,A,"At 2nd level the cavalier bolster his confidence when he is operating ability once per round. In addition, the is a master of using his allies to confuse and cavalier gains a morale bonus equal to one- without support. As a free action when the unbalance his foes. The range for which he half her cavalier lev",,Class option,Verified — content-level extraction
Advanced Options: Patron Hexes,High,Low,0,0,4,0,Boneless Steps,,,1,,0,Super Genius Games,B,"The witch can grant a creature within 30 feet additional preternatural flexibility for 1 round. The target gains a bonus to all Acrobatics checks made to avoid provoking attacks of opportunity while moving through threatened spaces. This bonus is equal to the witch’s Int bonus +1/2 the witch’s level. Additionally, subjects of this hex may",ally;hex,Class option,Verified — content-level extraction
Advanced Options: Patron Hexes,Low,High,1,2,0,1,Whispers from Beyond the Grave,,,2,,4,Super Genius Games,A,"spell on it, but the effect only protects against + hit dice + Constitution modifier). The DC With a touch, the witch grants a creature the detect spells (spells with detect in the name) of this check is 10 + the witch’s Int modifier + ability to commune with the wisdom of its",spell,Class option,Verified — content-level extraction
Advanced Options: Patron Hexes,Low,Low,0,0,0,0,Elemental Warp,,,2,,0,Super Genius Games,C,The witch can grant a Primal Fury (Su): The witch can grant a Endurance Patron: creature within 30 feet the ability to change creature of the animal type that is within 30 what kind of elemental damage it deals for V,patron;damage,Class option,Verified — content-level extraction
Advanced Options: Patron Hexes,Low,Low,0,0,0,0,Primal Fury,,,2,,0,Super Genius Games,C,The witch can grant a Endurance Patron: creature within 30 feet the ability to change creature of the animal type that is within 30 what kind of elemental damage it deals for Vitality (Su): A witch can boost the life feet a burst of primitive rage for 1 round.,patron;damage,Class option,Verified — content-level extraction
Advanced Options: Patron Hexes,Low,Very High,1,3,0,5,Touch of the Grave,,,2,,1,Super Genius Games,A+,The witch can touch Dark Desires (Su): The witch can cause a the benefit of a healing kit when she makes Heal a dead creature to make it significantly more creature within 30 feet to suffer desires it skill checks (gaining a +2 circumstance bonus to difficult to bring back to life. The creature is,healing,Class option,Verified — content-level extraction
Advanced Options: Patron Hexes,Low,Very High,1,3,0,5,Dark Desires,,,2,,1,Super Genius Games,A+,The witch can cause a the benefit of a healing kit when she makes Heal a dead creature to make it significantly more creature within 30 feet to suffer desires it skill checks (gaining a +2 circumstance bonus to difficult to bring back to life. The creature is finds distasteful an,healing,Class option,Verified — content-level extraction
Advanced Options: Patron Hexes,Low,Medium,0,0,0,3,Eldritch Masque,,,2,,2,Super Genius Games,A-,"The witch may touch a ability that requires patience or concentration, stones spell as a standard action (rather than the creature to make it significantly more difficult it must make a concentration check to do normal 10 minutes of work). to gain information about that creature 2",spell,Class option,Verified — content-level extraction
Advanced Options: Patron Hexes,Low,Low,0,0,0,0,Babble,,,3,,0,Super Genius Games,C,"The witch can cause a creature this light only visible to herself (and up to within 30 feet to have the urge to loudly six creatures she touches when she uses the spout gibberish for 1 round. Each round hex), in which case the light does not increase there is a 50% chance the target shouts",hex,Class option,Verified — content-level extraction
Advanced Options: Patron Hexes,Low,Low,0,0,0,3,Brightening,,,3,,0,Super Genius Games,C,"The witch may touch any effects (charms, compulsions, morale effects, single light source (mundane or magic), and patterns, and phantasms), death effects, cause it to increase light levels one step more disease, paralysis, poison, sleep effects, than its usual illumination (to a maximum",magic;death,Class option,Verified — content-level extraction
Advanced Options: Patron Hexes,Low,Low,0,0,0,0,Witchlight,,,3,,0,Super Genius Games,C,"The witch may create a light level, the duration of this hex is extended from any object she is holding, as the light by 1 round. The mark of plague hex can be 3 3",hex,Class option,Verified — content-level extraction
Advanced Options: Patron Hexes,Low,Medium,0,0,0,3,Third Eye,,,4,,2,Super Genius Games,A-,"A witch can determine if an creature gains a +1 bonus to saving throws Mighty Thews (Su): A witch can infuse a action taken by a specific creature in the next against blindness and light effects. At 8th creature she touches with great lifting power, 10 seconds (1 round) will bring good or bad level this bonus increases to +2, and at 16th",,Class option,Verified — content-level extraction
Advanced Options: Patron Hexes,Low,Low,0,0,0,0,Glory of the Heavens,,,4,,0,Super Genius Games,C,"The witch for 24 hours. can direct a fantastic display of the glory Transformation Patron: of the stars at one creature within 30 feet, Race Shift (Su): A witch can cause a creature Shadow Patron: overawing it for 1 round and causing it to she touches to shift in appearance to",patron,Class option,Verified — content-level extraction
Advanced Options: Patron Hexes,High,Low,0,0,4,0,Shroud,,,4,,0,Super Genius Games,B,"A witch can infuse a creature be shaken. A Will save negates this hex. be a member of a different race of the same she touches with a fraction of the power of At 8th level and 16th level, the duration of type. The creature acts as if under the effects of shadow, causing it to be totally covered this hex is extended by 1 round. The glory a",ally;save;hex,Class option,Verified — content-level extraction
Advanced Options: Patron Hexes,Low,Low,0,0,0,0,Master Trickster,,,5,,0,Super Genius Games,C,"The witch gains Sleight of Hand as a class skill, and gains a Winter Patron: competence bonus to Sleight of Hand checks Hoar Blade (Su): The equal to half her witch level. This hex affects witch can grant a only the witch. creature within 30 feet the ability to deal Vengeance Patron: +1d6 cold damage Retributive",hex;patron;damage,Class option,Verified — content-level extraction
Advanced Options: Patron Hexes,Low,Low,0,0,0,3,Retributive Strike,,,5,,0,Super Genius Games,C,"When a creature with unarmed, weapon, strikes the witch in melee, it provokes and natural weapon attacks for 1 an attack of opportunity from the witch. round. At 8th level and 16th level, the Once a creature has provoked an attack of duration of this hex is extended by 1 opportunity as a result of this hex (regardless round. Once a creatu",hex,Class option,Verified — content-level extraction
Advanced Options: Patron Hexes,High,Low,0,0,4,0,Insight,,,5,,0,Super Genius Games,B,"The witch gains Water Patron: Perception as a class skill, and Waterborn (Su): The witch grows more at gains a competence bonus to home in water as she gains power, eventually Perception checks equal to half gaining the ability to operate in water as easily her witch level. This hex affects as in air. At 1st level, the witch can breathe o",ally;hex;patron;water,Class option,Verified — content-level extraction
Advanced Options: Patron Hexes,High,Low,0,0,4,0,Waterborn,,,5,,0,Super Genius Games,B,"The witch grows more at gains a competence bonus to home in water as she gains power, eventually Perception checks equal to half gaining the ability to operate in water as easily her witch level. This hex affects as in air. At 1st level, the witch can breathe only the witch. water at will and gains a +4 racial bonus on 5 5",ally;hex;water,Class option,Verified — content-level extraction
Advanced Options: Slayer Talents & Lethalities,Low,Low,0,0,0,0,Elemental Grave,,,2,,0,Super Genius Games,C,"The slayer selects one Talented energy type (acid, cold, electricity, fire, or sonic). When the slayer deals sneak attack damage, he Ranger and may choose to make his sneak attack dice deal the selected da",sneak;damage,Class option,Verified — content-level extraction
Advanced Options: Slayer Talents & Lethalities,Low,Low,0,0,0,0,"Face Stealer, Moderate",,,2,,0,Super Genius Games,C,"The slayer’s face other than the one it is designed for and are thus stealer can act as alter self rather than disguise self, disallowed, at the GM’s discretion. If The Genius except the slayer takes the form of a small or medium Guide to the Talented Slayer is available (tentatively",disguise,Class option,Verified — content-level extraction
Advanced Options: Slayer Talents & Lethalities,Low,Low,0,0,0,0,Inside Man,,,3,,0,Super Genius Games,C,"The slayer is trained to lurk in the A slayer must have the studied target class feature population of most settlements, acting as a common to select this talent. merchant or worker, until he is positioned to kill a Studied Resilience (Ex): The slayer gains his target. He knows how to think his way through social studied target bonus on s",,Class option,Verified — content-level extraction
Advanced Options: Slayer Talents & Lethalities,High,Low,0,0,4,3,Mage Slayer,,,3,,0,Super Genius Games,B,"The slayer is trained to recognize birds. The slayer gains Escape Artist, Fly, and Sleight spellcasters and their spells and tools. of Hand as class skills. Additionally, for purposes of The slayer gains Knowledge (arcana), Spellcraft, magic item use (such as spell completion items), the and Use Magic Device as class skills. Additionally",spell;magic;ally,Class option,Verified — content-level extraction
Advanced Options: Slayer Talents & Lethalities,Low,Low,0,0,0,0,Many-Faced,,,3,,0,Super Genius Games,C,"The slayer may use his face Toss Aside (Ex): When the slayer makes an attack stealer ability for creatures he has seen in person, that knocks a foe unconscious or kills the foe, as rather than only those reduced to negative hit points. a swift action he may shove or throw the body a A slayer must have the minor face stealer talent to numb",,Class option,Verified — content-level extraction
Advanced Options: Slayer Talents & Lethalities,Low,Low,0,0,0,0,"Shank, minor",,,3,,0,Super Genius Games,C,"When using a light melee direction of the slayer’s choice. weapon with which he is proficient, the slayer may replace its normal base damage with 1d6 (1d4 if the weapon is small, 1d8 if it is Large), and its normal threat range with 19-20. Shank, moderate (Ex): When using a light melee weapon with which he is proficient, the slayer may re",damage,Class option,Verified — content-level extraction
Advanced Options: Slayer Talents & Lethalities,Low,Low,0,0,0,0,"Shank, moderate",,,3,,0,Super Genius Games,C,"When using a light melee weapon with which he is proficient, the slayer may replace its normal base damage with 1d8 (1d6 if the weapon is small, 1d10 if it is Large), and its normal threat range with 19-20. A slayer must have the minor shank talent to select this talent. Shared Cup (Ex): The slayer is able to ingest tiny amounts of a pois",damage,Class option,Verified — content-level extraction
Advanced Options: Slayer Talents & Lethalities,Low,Medium,0,0,0,3,Shared Cup,,,3,,2,Super Genius Games,A-,"The slayer is able to ingest tiny amounts of a poison to inure his body against the effects of a full dose. If the slayer spends one hour in uninterrupted mediation with a dose of poison, he gains a +8 bonus on saving throws against that poison. This bonus lasts 24 hours or until the slayer gains a bonus against a new poison. Studied Defe",,Class option,Verified — content-level extraction
Advanced Options: Slayer Talents & Lethalities,Low,Low,0,0,0,0,Studied Defense,,,3,,0,Super Genius Games,C,The slayer gains his studied target bonus as a dodge bonus to AC against attacks made by his studied opponent. 3,,Class option,Verified — content-level extraction
Advanced Options: Slayer Talents & Lethalities,Low,Low,0,0,0,0,Zealous Drive,,,4,,0,Super Genius Games,C,"The slayer can focus his intellect and will on any one task at hand. This New Advanced Talents allows the slayer as a free action to add half his class Beginning at 10th level, whenever a slayer gains a level to any single opposed ability or skill check, or talent he may instead take an advanced talent. Some Strength, Dexterity, or Consti",,Class option,Verified — content-level extraction
Advanced Options: Slayer Talents & Lethalities,Low,Low,0,0,0,0,Dance of Death,,,4,,0,Super Genius Games,C,"Once per round when the slayer deals damage that drops a foe to negative hit points, the slayer may immediately move 5 feet. This may be done before any attack the slayer can still m",death;damage,Class option,Verified — content-level extraction
Advanced Options: Slayer Talents & Lethalities,Low,Low,0,0,0,0,"Face Stealer, Major",,,4,,0,Super Genius Games,C,The slayer’s face stealer talent can act as polymorph (self only) rather than disguise self. A slayer must have the minor and moderate face stealer talents to select this adva,disguise,Class option,Verified — content-level extraction
Advanced Options: Slayer Talents & Lethalities,Low,Low,0,0,0,0,"Face Stealer, Master",,,4,,0,Super Genius Games,C,"The slayer’s face stealer can act as greater polymorph (self only) rather than disguise self. A slayer must be 14th level and have the minor, moderate, and major face stealer",disguise,Class option,Verified — content-level extraction
Advanced Options: Slayer Talents & Lethalities,Low,Low,0,0,0,3,Final Sanction,,,4,,0,Super Genius Games,C,"Any magic used to restore to life a person the slayer killed must make a caster level check with a DC of 10 + slayer’s level (when the slayer killed the target). On a failed check, t",magic,Class option,Verified — content-level extraction
Advanced Options: Slayer Talents & Lethalities,Low,Low,0,0,0,0,Find the Chink,,,4,,0,Super Genius Games,C,"When the slayer scores a critical hit on a target with an attack that does not get to add his sneak attack dice, he may opt to deal normal (rather than critical) damage, and add his",sneak;damage,Class option,Verified — content-level extraction
Advanced Options: Slayer Talents & Lethalities,Low,Low,0,0,0,0,Follow Through,,,4,,0,Super Genius Games,C,"The slayer is in tune with the movements of death, and can take advantage 4",movement;death,Class option,Verified — content-level extraction
Advanced Options: Slayer Talents & Lethalities,Low,Low,0,0,0,0,Relentless,,,5,,0,Super Genius Games,C,"The slayer’s dedication to killing Guide™ already has two sets of fixed lethalities: studied his targets is fueled by supernatural determination. target (gained at 1st, and expanding at 5th, 10th, 15th, If the slayer has struck a studied target within the and 20th level), and sneak attack (gained at 3rd level past minute, that target is s",sneak,Class option,Verified — content-level extraction
Advanced Options: Slayer Talents & Lethalities,Low,Low,0,0,0,3,Sanction,,,5,,0,Super Genius Games,C,"Any creature killed by the slayer is chooses not to take studied target at 1st level (instead treated as having been killed by a death effect for taking the steal power lethality), he may still choose purposes of what magic can be used to restore the to gain studied target at 5th level, thought the studied creature to life. target bonuses",magic;death,Class option,Verified — content-level extraction
Advanced Options: Slayer Talents & Lethalities,Low,Low,0,0,0,3,"Shank, major",,,5,,0,Super Genius Games,C,"When using a light melee could choose to expand his studied target bonuses to weapon with which he is proficient, the slayer may +2, or select another lethality from the list below. replace its normal base damage with 1d10 (1d8 if the Blood Magic (Ex): The slayer can fulfill somatic weapon is small, 2d6 if it is Large), and its normal com",magic;damage,Class option,Verified — content-level extraction
Advanced Options: Slayer Talents & Lethalities,Low,Low,0,0,0,0,Twist the Knife,,,5,,0,Super Genius Games,C,"The slayer learns to turn the Weapon Focus feat to select this lethality. deep wounds into lethal blows. The slayer selects Blood Rage (Ex): The slayer gains the rage ability one weapon with which he has Weapon Focus. as the barbarian class feature, but he may only rage When wielding such weapons, the slayer treats when he is at half his",,Class option,Verified — content-level extraction
Advanced Options: Slayer Talents & Lethalities,Low,Low,0,0,0,0,Vendetta,,,5,,0,Super Genius Games,C,"If a studied target escapes the points to put him over half his normal total, he is not slayer, the slayer may announce a vendetta against fatigued, but may not rage again for five minutes. that target. The slayer’s studied target bonuses A slayer may take this lethality a second time to against that target remain in place indefinitely ha",,Class option,Verified — content-level extraction
Advanced Options: Slayer Talents & Lethalities,Low,Low,0,0,0,0,Lethalities,,,5,,0,Super Genius Games,C,Lethalities Lethalities are abilities that represent a significantly slayer may make a single combat maneuver against greater degree of study and dedication than talents an adjacent foe. This combat maneuver does not (even advanced talents). The slayer class as described pro,,Class option,Verified — content-level extraction
Advanced Options: Slayer Talents & Lethalities,Low,Low,0,0,0,0,Deadly Attack,,,6,,0,Super Genius Games,C,"The slayer can make a Bluff at any range, rather than be limited to 30 feet. check to feint a foe as a swift action. If the Threatening Throws (Ex): The slayer is allowed to use other skills slayer can use this death to feint, he may use those skills blow as a swift action. with this death blow.",death,Class option,Verified — content-level extraction
Advanced Options: Slayer Talents & Lethalities,Low,Low,0,0,0,0,Death from Above,,,6,,0,Super Genius Games,C,"If turn, his ranged attacks do not the slayer falls and successfully provoke attacks of opportunity. hit a target at the end of his This lethality may be selected more fall, he may deal half than once. Each time it is selected his falling dice of",death,Class option,Verified — content-level extraction
Advanced Options: Slayer Talents & Lethalities,Low,Low,0,0,0,0,Focused Attack,,,6,,0,Super Genius Games,C,"The spells drawn from slayer can focus all his attention the cleric and witch on killing a single target. As a spell lists. He knows standard action he may make all 1st-level necromancy a single attack against one foe,",spell,Class option,Verified — content-level extraction
Advanced Options: Slayer Talents & Lethalities,Low,Medium,0,0,0,3,Hobbling Attack,,,6,,2,Super Genius Games,A-,"The ranger can use this or cast a spell, a slayer must have an Intelligence score deadly blow as a free action when he hits with equal to at least 10 + the spell level. The Difficulty an attack. The target of the attack’s land speed is Class for a saving throw against a slayer’s spell is 10 reduced by 1/2 for 1d4 rounds. + the spell level",spell,Class option,Verified — content-level extraction
Advanced Options: Slayer Talents & Lethalities,Low,Low,0,0,0,3,Knife Climb,,,6,,0,Super Genius Games,C,"If the slayer is prone, as a full Like other spellcasters, a slayer can cast only a round action he may make one melee attack against an certain number of spells of each spell level per day. adjacent target without taking the normal penalty for His base daily spell allotment of 1st-level spells is the attacking while prone. If the attack",spell,Class option,Verified — content-level extraction
Advanced Options: Slayer Talents & Lethalities,Low,Low,0,0,0,0,Get Over Here,,,7,,0,Super Genius Games,C,"If the slayer successfully choice is permanent and cannot be changed. strikes a foe while using a weapon from the flail Aberration: amphibious, darkvision 60 ft., Iron weapon group, he may immediately pull them into Will, natural armor +2. an adjacent space. The foe must be one that weighs Animal: climb 15 ft., darkvision 60 ft., Great no",,Class option,Verified — content-level extraction
Advanced Options: Slayer Talents & Lethalities,Low,Low,0,0,0,0,Improved Steal Power,,,7,,0,Super Genius Games,C,"The slayer can have Lightning Reflexes, low-light vision. two stolen powers from the steal power lethality, Dragon: darkvision 60 ft., Great Fortitude, Iron taken from two different victims. The total time Will, Lightning Reflexes, low-light vision, Lunge. the slayer may have stolen powers expands to 10 Fey: Iron Will, Lightning Reflexes,",,Class option,Verified — content-level extraction
Advanced Options: Slayer Talents & Lethalities,Low,Low,0,0,0,0,Improved Strangler,,,7,,0,Super Genius Games,C,"When the slayer deals training, greed, hatred, hardy, slow and steady, damage with the strangler lethality, he also does stability, stonecunning, weapon familiarity. his Strength bonus in damage and any sneak attack Humanoid (elf): elf blood, low-light vision, elven damage he has. Creatures immune to sneak attack do immunities, elven magi",sneak;damage,Class option,Verified — content-level extraction
Advanced Options: Slayer Talents & Lethalities,Low,Low,0,0,0,3,Master Strangler,,,7,,0,Super Genius Games,C,"If the slayer hits a target Weapon Proficiency (dire flail), natural armor +2. no more than one size larger than himself with a Humanoid (gnome): defensive training, gnome weapon from the flail weapon group, he deals normal magic, hatred, illusion resistance, keen senses, low- damage and may attempt to start a grapple as a swift light vis",magic;damage;grapple,Class option,Verified — content-level extraction
Advanced Options: Slayer Talents & Lethalities,Low,Low,0,0,0,0,Beheading Weapons,,,8,,0,Super Genius Games,A-,The headsman gains Weapon Focus as a bonus feat. It applies to all 2-handed slashing weapons the headsman is proficient with. Marked for Death (Ex): The total number of,death,Class option,Verified — content-level extraction
Advanced Options: Slayer Talents & Lethalities,Low,Low,0,0,0,0,Marked for Death,,,8,,0,Super Genius Games,A-,"The total number of studied targets the headman may have at once is reduced by one (to zero at 1st-4th level, one at 5th- 9th, and so on). However, each day the headman may also count a numb",death,Class option,Verified — content-level extraction
Advanced Options: Slayer Talents & Lethalities,Low,Low,0,0,0,0,Blithe,,,9,,0,Super Genius Games,C,"A seditionist has SR equal to 10 + This ability delays studied target until 2nd level, and class level against spells that determine any aspect replaces the stalker and slayer’s advance class features. of alignment or attempt to discern or enforce the truth of his statements. He also adds half his class level to Bluff checks made to convi",spell,Class option,Verified — content-level extraction
Advanced Options: Slayer Talents & Lethalities,Low,Low,0,0,0,0,Trapfinding,,,9,,0,Super Genius Games,C,"At 2nd level the seditionist must select the trapfinding slayer talent as his 2nd level talent. Bombs (Su): At third level a seditionist gains bombs, as the alchemist class feature. The seditionist uses his slayer level -2 as his alchemist level for bombs, and may take alchemist discovers relating to bombs as talents as long as he meets a",,Class option,Verified — content-level extraction
Advanced Options: Slayer Talents & Lethalities,Low,Low,0,0,0,0,Bombs,,,9,,0,Super Genius Games,C,"At third level a seditionist gains bombs, as the alchemist class feature. The seditionist uses his slayer level -2 as his alchemist level for bombs, and may take alchemist discovers relating to bombs as talents as long as he meets all prerequisites (again using his slayer level -2 as his alchemist level). This ability replaces sneak attac",sneak,Class option,Verified — content-level extraction
Advanced Options: Slayer Talents & Lethalities,Low,Low,0,0,0,3,Trickster,,,9,,0,Super Genius Games,C,"At 4th level the seditionist gains the trap feature of the trapper archetype (as found in in Pathfinder® Roleplaying Game: Ultimate Magic™). (This can also be treated as gaining the trapper edge at 4th, 7th, 10th, and 13th level for those who have The Genius Guide to the Talented Ranger.) The seditionist treats his slayer level as his ran",magic,Class option,Verified — content-level extraction
Advanced Options: Cavaliers' Orders,Low,Low,0,0,0,0,Order of the Gauntlet,,,2,,0,Super Genius Games,C,Top-level option extracted and indexed from the named source.,,Cavalier order,Verified — content-level extraction
Advanced Options: Cavaliers' Orders,Low,Low,0,0,0,0,Order of the Glaive,,,3,,0,Super Genius Games,C,Top-level option extracted and indexed from the named source.,,Cavalier order,Verified — content-level extraction
Advanced Options: Cavaliers' Orders,Low,Low,0,0,0,0,Order of the Griffon,,,4,,0,Super Genius Games,C,Top-level option extracted and indexed from the named source.,,Cavalier order,Verified — content-level extraction
Advanced Options: Cavaliers' Orders,Low,Low,0,0,0,0,Order of the Rose,,,5,,0,Super Genius Games,C,Top-level option extracted and indexed from the named source.,,Cavalier order,Verified — content-level extraction
Advanced Options: Cavaliers' Orders,Low,Low,0,0,0,0,Order of the Secret Flame,,,6,,0,Super Genius Games,C,Top-level option extracted and indexed from the named source.,,Cavalier order,Verified — content-level extraction
Advanced Options: Cavaliers' Orders,Low,Low,0,0,0,0,Order of the Skull,,,7,,0,Super Genius Games,C,Top-level option extracted and indexed from the named source.,,Cavalier order,Verified — content-level extraction
Advanced Options: Extra Evolutions,Low,Low,0,0,0,0,Hut Base Form,,,2,,0,Super Genius Games,C,Top-level option extracted and indexed from the named source.,,Eidolon base form,Verified — content-level extraction
Advanced Options: Extra Evolutions,Low,Low,0,0,0,0,Ooze Base Form,,,2,,0,Super Genius Games,C,Top-level option extracted and indexed from the named source.,,Eidolon base form,Verified — content-level extraction
Advanced Options: Inquisitors' Judgments,Low,Low,0,0,0,0,Justicar,,,5,,0,Super Genius Games,C,Top-level option extracted and indexed from the named source.,,Class option,Verified — content-level extraction
Advanced Options: More Cavalier Orders,Low,Low,0,0,0,0,Order of the Bow,,,2,,0,Super Genius Games,C,Top-level option extracted and indexed from the named source.,,Cavalier order,Verified — content-level extraction
Advanced Options: More Cavalier Orders,High,Low,0,0,4,0,Order of the Citadel,,,3,,0,Super Genius Games,B,Top-level option extracted and indexed from the named source.,,Cavalier order,Verified — content-level extraction
Advanced Options: More Cavalier Orders,Low,Low,0,0,0,0,Order of the Shroud,,,5,,0,Super Genius Games,C,Top-level option extracted and indexed from the named source.,,Cavalier order,Verified — content-level extraction
Advanced Options: More Cavalier Orders,High,Low,0,0,4,0,Order of the Trident,,,6,,0,Super Genius Games,B,Top-level option extracted and indexed from the named source.,,Cavalier order,Verified — content-level extraction
Advanced Options: More Cavalier Orders,Low,Low,0,0,0,0,Order of the Unicorn,,,7,,0,Super Genius Games,C,Top-level option extracted and indexed from the named source.,,Cavalier order,Verified — content-level extraction
Advanced Options: More Cavalier Orders,Low,Low,0,0,0,0,Order of the Wolf,,,8,,0,Super Genius Games,C,Top-level option extracted and indexed from the named source.,,Cavalier order,Verified — content-level extraction
